{"cameraMode":{"drawMode":0,"name":"Shaded","section":"Shading Mode"},"sceneLighting":true,"audioPlay":false,"sceneViewState":{"showFog":false,"showMaterialUpdate":false,"showSkybox":false,"showFlares":false,"showImageEffects":false,"showParticleSystems":true},"in2DMode":false,"pivot":{"x":-0.15619222819805146,"y":-2.4935379028320314,"z":0.19669196009635926},"rotation":{"x":-0.3429480493068695,"y":-0.5018618106842041,"z":0.2261146456003189,"w":-0.7611790895462036},"size":10.0,"orthographic":false}